230601	269	42	269	42	0	1480054927123	26247563245782591480054926617	1366	768	1366	662	
230602	417	193	417	194	0	1480054927172	26247563245782591480054926617	1366	768	1366	662	
230603	495	244	495	280	0	1480054927219	26247563245782591480054926617	1366	768	1366	662	
230604	499	246	499	333	0	1480054927300	26247563245782591480054926617	1366	768	1366	662	
230605	500	246	500	346	0	1480054927355	26247563245782591480054926617	1366	768	1366	662	
230606	504	245	504	345	0	1480054927782	26247563245782591480054926617	1366	768	1366	662	
230607	504	244	504	244	0	1480054928085	26247563245782591480054926617	1366	768	1366	662	
230608	504	241	504	241	0	1480054928139	26247563245782591480054926617	1366	768	1366	662	
230609	504	237	504	237	0	1480054928234	26247563245782591480054926617	1366	768	1366	662	
230610	506	237	506	237	0	1480054929267	26247563245782591480054926617	1366	768	1366	662	
230611	620	238	620	238	0	1480054929314	26247563245782591480054926617	1366	768	1366	662	
230612	644	239	644	239	0	1480054929362	26247563245782591480054926617	1366	768	1366	662	
230613	644	238	644	238	0	1480054929458	26247563245782591480054926617	1366	768	1366	662	
230614	643	236	643	236	0	1480054929634	26247563245782591480054926617	1366	768	1366	662	
230615	640	230	640	230	0	1480054929682	26247563245782591480054926617	1366	768	1366	662	
230616	638	226	638	226	0	1480054929738	26247563245782591480054926617	1366	768	1366	662	
230617	637	226	637	226	0	1480054929786	26247563245782591480054926617	1366	768	1366	662	
230618	636	224	636	224	0	1480054929834	26247563245782591480054926617	1366	768	1366	662	
230619	634	221	634	221	0	1480054929914	26247563245782591480054926617	1366	768	1366	662	
230620	632	220	632	220	0	1480054929970	26247563245782591480054926617	1366	768	1366	662	
230621	631	219	631	219	0	1480054930130	26247563245782591480054926617	1366	768	1366	662	
230622	633	224	633	224	0	1480054932419	26247563245782591480054926617	1366	768	1366	662	
230623	740	373	740	373	0	1480054932466	26247563245782591480054926617	1366	768	1366	662	
230624	779	403	779	403	0	1480054932513	26247563245782591480054926617	1366	768	1366	662	
230625	781	403	781	403	0	1480054932610	26247563245782591480054926617	1366	768	1366	662	
230626	785	388	785	388	0	1480054932658	26247563245782591480054926617	1366	768	1366	662	
230627	782	371	782	371	0	1480054932706	26247563245782591480054926617	1366	768	1366	662	
230628	773	343	773	343	0	1480054932754	26247563245782591480054926617	1366	768	1366	662	
230629	771	337	771	337	0	1480054932802	26247563245782591480054926617	1366	768	1366	662	
230630	771	331	771	331	0	1480054932858	26247563245782591480054926617	1366	768	1366	662	
230631	771	326	771	326	0	1480054932906	26247563245782591480054926617	1366	768	1366	662	
230632	774	315	774	315	0	1480054932954	26247563245782591480054926617	1366	768	1366	662	
230633	778	300	778	300	0	1480054933002	26247563245782591480054926617	1366	768	1366	662	
230634	778	295	778	295	0	1480054933050	26247563245782591480054926617	1366	768	1366	662	
230635	779	293	779	293	0	1480054933114	26247563245782591480054926617	1366	768	1366	662	
230636	778	292	778	292	0	1480054933700	26247563245782591480054926617	1366	768	1366	662	
230637	708	272	708	272	0	1480054933746	26247563245782591480054926617	1366	768	1366	662	
230638	682	262	682	262	0	1480054933794	26247563245782591480054926617	1366	768	1366	662	
230639	677	256	677	256	0	1480054933841	26247563245782591480054926617	1366	768	1366	662	
230640	676	252	676	252	0	1480054933882	26247563245782591480054926617	1366	768	1366	662	
230641	675	249	675	249	0	1480054933930	26247563245782591480054926617	1366	768	1366	662	
230642	674	246	674	246	0	1480054934034	26247563245782591480054926617	1366	768	1366	662	
230643	673	245	673	245	0	1480054934466	26247563245782591480054926617	1366	768	1366	662	
230644	667	239	667	239	0	1480054934514	26247563245782591480054926617	1366	768	1366	662	
230645	665	237	665	237	0	1480054934562	26247563245782591480054926617	1366	768	1366	662	
230646	664	235	664	235	0	1480054934610	26247563245782591480054926617	1366	768	1366	662	
230647	664	235	664	235	0	1480054937612	26247563245782591480054926617	1366	768	1366	662	
230648	698	235	698	235	0	1480054937657	26247563245782591480054926617	1366	768	1366	662	
230649	715	236	715	236	0	1480054937705	26247563245782591480054926617	1366	768	1366	662	
230650	720	240	720	240	0	1480054937753	26247563245782591480054926617	1366	768	1366	662	
230651	724	246	724	246	0	1480054937801	26247563245782591480054926617	1366	768	1366	662	
230652	729	256	729	256	0	1480054937849	26247563245782591480054926617	1366	768	1366	662	
230653	732	265	732	265	0	1480054937897	26247563245782591480054926617	1366	768	1366	662	
230654	734	267	734	267	0	1480054938259	26247563245782591480054926617	1366	768	1366	662	
230655	794	262	794	262	0	1480054938305	26247563245782591480054926617	1366	768	1366	662	
230656	820	261	820	261	0	1480054938353	26247563245782591480054926617	1366	768	1366	662	
230657	822	259	822	259	0	1480054938433	26247563245782591480054926617	1366	768	1366	662	
230658	822	258	822	258	0	1480054938513	26247563245782591480054926617	1366	768	1366	662	
230659	827	254	827	254	0	1480054938561	26247563245782591480054926617	1366	768	1366	662	
230660	838	249	838	249	0	1480054938609	26247563245782591480054926617	1366	768	1366	662	
230661	843	247	843	247	0	1480054938665	26247563245782591480054926617	1366	768	1366	662	
230662	846	246	846	246	0	1480054938713	26247563245782591480054926617	1366	768	1366	662	
230663	850	245	850	245	0	1480054938769	26247563245782591480054926617	1366	768	1366	662	
230664	854	245	854	245	0	1480054938849	26247563245782591480054926617	1366	768	1366	662	
230665	855	251	855	251	0	1480054938897	26247563245782591480054926617	1366	768	1366	662	
230666	853	266	853	266	0	1480054938938	26247563245782591480054926617	1366	768	1366	662	
230667	847	280	847	280	0	1480054938985	26247563245782591480054926617	1366	768	1366	662	
230668	833	291	833	291	0	1480054939033	26247563245782591480054926617	1366	768	1366	662	
230669	830	300	830	300	0	1480054939163	26247563245782591480054926617	1366	768	1366	662	
230670	841	293	841	293	0	1480054939209	26247563245782591480054926617	1366	768	1366	662	
230671	845	289	845	289	0	1480054939273	26247563245782591480054926617	1366	768	1366	662	
230672	846	289	846	289	0	1480054939602	26247563245782591480054926617	1366	768	1366	662	
230673	1059	289	1059	289	0	1480054939649	26247563245782591480054926617	1366	768	1366	662	
230674	1302	275	1302	275	0	1480054939698	26247563245782591480054926617	1366	768	1366	662	
230675	1348	269	1348	269	0	1480054940066	26247563245782591480054926617	1366	768	1366	662	
230676	1332	272	1332	272	0	1480054940113	26247563245782591480054926617	1366	768	1366	662	
230677	1309	273	1309	273	0	1480054940161	26247563245782591480054926617	1366	768	1366	662	
230678	1297	273	1297	273	0	1480054940209	26247563245782591480054926617	1366	768	1366	662	
230679	1295	270	1295	270	0	1480054940329	26247563245782591480054926617	1366	768	1366	662	
230680	1275	247	1275	247	0	1480054940377	26247563245782591480054926617	1366	768	1366	662	
230681	1234	228	1234	228	0	1480054940418	26247563245782591480054926617	1366	768	1366	662	
230682	1231	225	1231	225	0	1480054940465	26247563245782591480054926617	1366	768	1366	662	
230683	1231	225	1231	225	1	1480054940791	26247563245782591480054926617	1366	768	1366	662	
230684	1231	225	1231	225	0	1480054940792	26247563245782591480054926617	1366	768	1366	662	
230685	1231	224	1231	224	0	1480054941338	26247563245782591480054926617	1366	768	1366	662	
230686	1233	221	1233	221	0	1480054941409	26247563245782591480054926617	1366	768	1366	662	
230687	1234	222	1234	222	0	1480054941561	26247563245782591480054926617	1366	768	1366	662	
230688	1237	227	1237	227	0	1480054941609	26247563245782591480054926617	1366	768	1366	662	
230689	1241	231	1241	231	0	1480054941729	26247563245782591480054926617	1366	768	1366	662	
230690	1241	231	1241	231	0	1480054941964	26247563245782591480054926617	1366	768	1366	662	
230691	1241	233	1241	233	0	1480054942187	26247563245782591480054926617	1366	768	1366	662	
230692	1242	234	1242	234	0	1480054942234	26247563245782591480054926617	1366	768	1366	662	
230693	1242	234	1242	234	0	1480054950945	26247563245782591480054926617	1366	768	1366	662	
230694	1242	234	1242	234	0	1480054952656	26247563245782591480054926617	1366	768	1366	662	
230695	1237	233	1237	233	0	1480054957202	26247563245782591480054926617	1366	768	1366	662	
230696	622	231	622	231	0	1480054957249	26247563245782591480054926617	1366	768	1366	662	
230697	102	237	102	237	0	1480054957297	26247563245782591480054926617	1366	768	1366	662	
230698	0	238	0	238	0	1480054957369	26247563245782591480054926617	1366	768	1366	662	
230699	1	239	1	239	0	1480054957513	26247563245782591480054926617	1366	768	1366	662	
230700	44	244	44	244	0	1480054957561	26247563245782591480054926617	1366	768	1366	662	
230701	101	241	101	241	0	1480054957609	26247563245782591480054926617	1366	768	1366	662	
230702	118	239	118	239	0	1480054957865	26247563245782591480054926617	1366	768	1366	662	
230703	119	239	119	239	0	1480054957953	26247563245782591480054926617	1366	768	1366	662	
230704	124	239	124	239	0	1480054957994	26247563245782591480054926617	1366	768	1366	662	
230705	203	239	203	239	0	1480054958041	26247563245782591480054926617	1366	768	1366	662	
230706	420	239	420	239	0	1480054958082	26247563245782591480054926617	1366	768	1366	662	
230707	687	237	687	237	0	1480054958129	26247563245782591480054926617	1366	768	1366	662	
230708	897	224	897	224	0	1480054958177	26247563245782591480054926617	1366	768	1366	662	
230709	997	215	997	215	0	1480054958225	26247563245782591480054926617	1366	768	1366	662	
230710	1125	212	1125	212	0	1480054958273	26247563245782591480054926617	1366	768	1366	662	
230711	1176	211	1176	211	0	1480054958321	26247563245782591480054926617	1366	768	1366	662	
230712	1188	211	1188	211	0	1480054958377	26247563245782591480054926617	1366	768	1366	662	
230713	1189	210	1189	210	0	1480054958433	26247563245782591480054926617	1366	768	1366	662	
230714	1190	211	1190	211	0	1480054958545	26247563245782591480054926617	1366	768	1366	662	
230715	1189	225	1189	225	0	1480054958593	26247563245782591480054926617	1366	768	1366	662	
230716	1187	232	1187	232	0	1480054958641	26247563245782591480054926617	1366	768	1366	662	
230717	1187	234	1187	234	0	1480054958689	26247563245782591480054926617	1366	768	1366	662	
230718	1187	240	1187	240	0	1480054958745	26247563245782591480054926617	1366	768	1366	662	
230719	1187	244	1187	244	0	1480054958801	26247563245782591480054926617	1366	768	1366	662	
230720	1189	246	1189	246	0	1480054958857	26247563245782591480054926617	1366	768	1366	662	
230721	1194	248	1194	248	0	1480054958905	26247563245782591480054926617	1366	768	1366	662	
230722	1204	249	1204	249	0	1480054958953	26247563245782591480054926617	1366	768	1366	662	
230723	1214	249	1214	249	0	1480054959001	26247563245782591480054926617	1366	768	1366	662	
230724	1218	249	1218	249	1	1480054959195	26247563245782591480054926617	1366	768	1366	662	
230725	1218	249	1218	249	0	1480054959196	26247563245782591480054926617	1366	768	1366	662	
230726	1220	249	1220	249	0	1480054959578	26247563245782591480054926617	1366	768	1366	662	
230727	1232	249	1232	249	0	1480054959626	26247563245782591480054926617	1366	768	1366	662	
230728	1239	248	1239	248	0	1480054959674	26247563245782591480054926617	1366	768	1366	662	
230729	1239	247	1239	247	0	1480054959826	26247563245782591480054926617	1366	768	1366	662	
230730	1239	247	1239	247	0	1480054960860	26247563245782591480054926617	1366	768	1366	662	
230731	1239	247	1239	847	0	1480054961887	26247563245782591480054926617	1366	768	1366	662	
230732	1238	247	1238	847	0	1480054961970	26247563245782591480054926617	1366	768	1366	662	
230733	1230	243	1230	843	0	1480054962018	26247563245782591480054926617	1366	768	1366	662	
230734	1225	241	1225	841	0	1480054962066	26247563245782591480054926617	1366	768	1366	662	
230735	1220	239	1220	839	0	1480054962114	26247563245782591480054926617	1366	768	1366	662	
230736	1215	237	1215	837	0	1480054962162	26247563245782591480054926617	1366	768	1366	662	
230737	1213	235	1213	835	0	1480054962218	26247563245782591480054926617	1366	768	1366	662	
230738	1212	234	1212	834	0	1480054962274	26247563245782591480054926617	1366	768	1366	662	
230739	1210	233	1210	833	0	1480054962315	26247563245782591480054926617	1366	768	1366	662	
230740	1207	231	1207	831	0	1480054962362	26247563245782591480054926617	1366	768	1366	662	
230741	1198	227	1198	827	0	1480054962410	26247563245782591480054926617	1366	768	1366	662	
230742	1189	224	1189	824	0	1480054962458	26247563245782591480054926617	1366	768	1366	662	
230743	1184	221	1184	821	0	1480054962514	26247563245782591480054926617	1366	768	1366	662	
230744	1182	218	1182	818	0	1480054962570	26247563245782591480054926617	1366	768	1366	662	
230745	1178	216	1178	816	0	1480054962618	26247563245782591480054926617	1366	768	1366	662	
230746	1173	214	1173	814	0	1480054962666	26247563245782591480054926617	1366	768	1366	662	
230747	1163	213	1163	813	0	1480054962714	26247563245782591480054926617	1366	768	1366	662	
230748	1101	220	1101	820	0	1480054962761	26247563245782591480054926617	1366	768	1366	662	
230749	1059	225	1059	825	0	1480054962802	26247563245782591480054926617	1366	768	1366	662	
230750	1020	228	1020	828	0	1480054962850	26247563245782591480054926617	1366	768	1366	662	
230751	986	230	986	830	0	1480054962898	26247563245782591480054926617	1366	768	1366	662	
230752	919	233	919	833	0	1480054962946	26247563245782591480054926617	1366	768	1366	662	
230753	914	224	914	824	0	1480054963194	26247563245782591480054926617	1366	768	1366	662	
230754	913	232	913	832	0	1480054963250	26247563245782591480054926617	1366	768	1366	662	
230755	920	243	920	843	0	1480054963298	26247563245782591480054926617	1366	768	1366	662	
230756	930	254	930	854	0	1480054963346	26247563245782591480054926617	1366	768	1366	662	
230757	937	259	937	859	0	1480054963394	26247563245782591480054926617	1366	768	1366	662	
230758	958	264	958	864	0	1480054963442	26247563245782591480054926617	1366	768	1366	662	
230759	1019	266	1019	866	0	1480054963489	26247563245782591480054926617	1366	768	1366	662	
230760	1126	271	1126	871	0	1480054963537	26247563245782591480054926617	1366	768	1366	662	
230761	1182	272	1182	872	0	1480054963585	26247563245782591480054926617	1366	768	1366	662	
230762	1187	272	1187	872	0	1480054963634	26247563245782591480054926617	1366	768	1366	662	
230763	1188	273	1188	873	0	1480054963682	26247563245782591480054926617	1366	768	1366	662	
230764	1193	278	1193	878	0	1480054963730	26247563245782591480054926617	1366	768	1366	662	
230765	1194	283	1194	883	0	1480054963786	26247563245782591480054926617	1366	768	1366	662	
230766	1194	286	1194	886	0	1480054963834	26247563245782591480054926617	1366	768	1366	662	
230767	1191	291	1191	891	0	1480054963882	26247563245782591480054926617	1366	768	1366	662	
230768	1188	295	1188	895	0	1480054963930	26247563245782591480054926617	1366	768	1366	662	
230769	1189	296	1189	896	0	1480054964018	26247563245782591480054926617	1366	768	1366	662	
230770	1194	294	1194	894	0	1480054964066	26247563245782591480054926617	1366	768	1366	662	
230771	1198	292	1198	892	0	1480054964113	26247563245782591480054926617	1366	768	1366	662	
230772	1198	290	1198	890	0	1480054966672	26247563245782591480054926617	1366	768	1366	662	
230773	1198	290	1198	890	0	1480054969063	26247563245782591480054926617	1366	768	1366	662	
230774	1198	290	1198	890	0	1480054970022	26247563245782591480054926617	1366	768	1366	662	
230775	1198	290	1198	990	0	1480054977658	26247563245782591480054926617	1366	768	1366	662	
230776	1198	290	1198	990	0	1480054978115	26247563245782591480054926617	1366	768	1366	662	
230777	1196	289	1196	989	0	1480054978626	26247563245782591480054926617	1366	768	1366	662	
230778	1194	287	1194	1187	0	1480054980017	26247563245782591480054926617	1366	768	1366	662	
230779	1193	287	1193	1187	0	1480054982274	26247563245782591480054926617	1366	768	1366	662	
230780	1193	287	1193	1487	0	1480054982795	26247563245782591480054926617	1366	768	1366	662	
230781	1193	287	1193	1987	0	1480054983663	26247563245782591480054926617	1366	768	1366	662	
230782	1193	287	1193	1987	0	1480054984118	26247563245782591480054926617	1366	768	1366	662	
230783	1193	287	1193	2687	0	1480054985788	26247563245782591480054926617	1366	768	1366	662	
230784	660	294	660	294	0	1480054994281	26247563245782591480054926617	1366	768	1366	662	
230785	497	185	497	185	0	1480054994330	26247563245782591480054926617	1366	768	1366	662	
230786	478	169	478	169	0	1480054994378	26247563245782591480054926617	1366	768	1366	662	
230787	477	167	477	167	0	1480054994513	26247563245782591480054926617	1366	768	1366	662	
230788	477	166	477	366	0	1480054995706	26247563245782591480054926617	1366	768	1366	662	
230789	476	165	476	565	0	1480054996341	26247563245782591480054926617	1366	768	1366	662	
230790	475	165	475	565	0	1480054997235	26247563245782591480054926617	1366	768	1366	662	
230791	473	162	473	562	0	1480054997305	26247563245782591480054926617	1366	768	1366	662	
230792	471	162	471	562	0	1480054998363	26247563245782591480054926617	1366	768	1366	662	
230793	468	159	468	559	0	1480054998410	26247563245782591480054926617	1366	768	1366	662	
230794	468	158	468	558	0	1480054998497	26247563245782591480054926617	1366	768	1366	662	
230795	466	153	466	553	0	1480054998545	26247563245782591480054926617	1366	768	1366	662	
230796	468	154	468	554	0	1480054998617	26247563245782591480054926617	1366	768	1366	662	
230797	481	168	481	568	0	1480054998666	26247563245782591480054926617	1366	768	1366	662	
230798	492	215	492	615	0	1480054998713	26247563245782591480054926617	1366	768	1366	662	
230799	506	270	506	670	0	1480054998761	26247563245782591480054926617	1366	768	1366	662	
230800	543	290	543	690	0	1480054998809	26247563245782591480054926617	1366	768	1366	662	
230801	606	295	606	695	0	1480054998857	26247563245782591480054926617	1366	768	1366	662	
230802	653	295	653	695	0	1480054998913	26247563245782591480054926617	1366	768	1366	662	
230803	687	265	687	665	0	1480054999265	26247563245782591480054926617	1366	768	1366	662	
230804	575	305	575	705	0	1480054999313	26247563245782591480054926617	1366	768	1366	662	
230805	504	331	504	731	0	1480054999361	26247563245782591480054926617	1366	768	1366	662	
230806	498	333	498	1133	0	1480054999762	26247563245782591480054926617	1366	768	1366	662	
230807	496	331	496	1131	0	1480054999906	26247563245782591480054926617	1366	768	1366	662	
230808	493	328	493	1128	0	1480054999961	26247563245782591480054926617	1366	768	1366	662	
230809	491	326	491	1126	0	1480055000009	26247563245782591480054926617	1366	768	1366	662	
230810	491	322	491	1122	0	1480055000057	26247563245782591480054926617	1366	768	1366	662	
230811	488	320	488	1120	0	1480055000121	26247563245782591480054926617	1366	768	1366	662	
230812	488	318	488	1118	0	1480055000426	26247563245782591480054926617	1366	768	1366	662	
230813	487	317	487	1117	0	1480055000505	26247563245782591480054926617	1366	768	1366	662	
230814	487	317	487	1417	0	1480055002379	26247563245782591480054926617	1366	768	1366	662	
230815	487	317	487	1517	0	1480055007311	26247563245782591480054926617	1366	768	1366	662	
230816	487	317	487	1717	0	1480055008065	26247563245782591480054926617	1366	768	1366	662	
230817	494	317	494	1717	0	1480055010010	26247563245782591480054926617	1366	768	1366	662	
230818	677	474	677	874	0	1480055021113	26247563245782591480054926617	1366	768	1366	662	
230819	491	482	491	882	0	1480055021161	26247563245782591480054926617	1366	768	1366	662	
230820	322	479	322	879	0	1480055021209	26247563245782591480054926617	1366	768	1366	662	
230821	303	471	303	871	0	1480055021257	26247563245782591480054926617	1366	768	1366	662	
230822	310	461	310	861	0	1480055021361	26247563245782591480054926617	1366	768	1366	662	
230823	315	459	315	859	0	1480055021441	26247563245782591480054926617	1366	768	1366	662	
230824	613	455	613	855	0	1480055021489	26247563245782591480054926617	1366	768	1366	662	
230825	965	510	965	1156	0	1480055023441	26247563245782591480054926617	1366	768	1366	662	
230826	965	508	965	1208	0	1480055023521	26247563245782591480054926617	1366	768	1366	662	
230827	969	503	969	1203	0	1480055023569	26247563245782591480054926617	1366	768	1366	662	
230828	971	499	971	1199	0	1480055023625	26247563245782591480054926617	1366	768	1366	662	
230829	972	498	972	1198	0	1480055023673	26247563245782591480054926617	1366	768	1366	662	
230830	1004	426	1004	1226	0	1480055028513	26247563245782591480054926617	1366	768	1366	662	
230831	1011	414	1011	1214	0	1480055028560	26247563245782591480054926617	1366	768	1366	662	
230832	669	314	669	614	0	1480055033497	26247563245782591480054926617	1366	768	1366	662	
230833	599	309	599	609	0	1480055033547	26247563245782591480054926617	1366	768	1366	662	
230834	596	307	596	307	0	1480055033905	26247563245782591480054926617	1366	768	1366	662	
230835	595	307	595	307	0	1480055034145	26247563245782591480054926617	1366	768	1366	662	
230836	559	292	559	292	0	1480055034193	26247563245782591480054926617	1366	768	1366	662	
230837	550	286	550	286	0	1480055034241	26247563245782591480054926617	1366	768	1366	662	
230838	550	284	550	284	0	1480055034425	26247563245782591480054926617	1366	768	1366	662	
230839	551	224	551	224	0	1480055034473	26247563245782591480054926617	1366	768	1366	662	
230840	476	58	476	58	0	1480055034514	26247563245782591480054926617	1366	768	1366	662	
230841	354	15	354	15	0	1480055037017	26247563245782591480054926617	1366	768	1366	662	
230842	631	208	631	208	0	1480055037065	26247563245782591480054926617	1366	768	1366	662	
230843	795	294	795	294	0	1480055037113	26247563245782591480054926617	1366	768	1366	662	
230844	829	307	829	307	0	1480055037161	26247563245782591480054926617	1366	768	1366	662	
230845	1271	249	1271	549	1	1480055046556	26247563245782591480054926617	1366	768	1366	662	
230846	1365	245	1365	545	1	1480055046608	26247563245782591480054926617	1366	768	1366	662	
230847	1365	245	1365	545	1	1480055046636	26247563245782591480054926617	1366	768	1366	662	
230848	1346	248	1346	548	0	1480055046762	26247563245782591480054926617	1366	768	1366	662	
230849	679	321	679	721	0	1480055068913	26247563245782591480054926617	1366	768	1366	662	
230850	467	321	467	721	0	1480055068961	26247563245782591480054926617	1366	768	1366	662	
230851	456	321	456	321	0	1480055069262	26247563245782591480054926617	1366	768	1366	662	
230852	457	323	457	323	0	1480055069545	26247563245782591480054926617	1366	768	1366	662	
230853	470	327	470	327	0	1480055070041	26247563245782591480054926617	1366	768	1366	662	
230854	469	327	469	327	0	1480055070089	26247563245782591480054926617	1366	768	1366	662	
230855	465	331	465	331	0	1480055070145	26247563245782591480054926617	1366	768	1366	662	
230856	457	340	457	340	0	1480055070193	26247563245782591480054926617	1366	768	1366	662	
230857	445	352	445	352	0	1480055070241	26247563245782591480054926617	1366	768	1366	662	
230858	429	367	429	367	0	1480055070289	26247563245782591480054926617	1366	768	1366	662	
230859	421	373	421	373	0	1480055070345	26247563245782591480054926617	1366	768	1366	662	
230860	420	378	420	378	0	1480055070393	26247563245782591480054926617	1366	768	1366	662	
230861	421	381	421	381	0	1480055070441	26247563245782591480054926617	1366	768	1366	662	
230862	431	389	431	389	0	1480055070489	26247563245782591480054926617	1366	768	1366	662	
230863	438	393	438	393	0	1480055070537	26247563245782591480054926617	1366	768	1366	662	
230864	442	401	442	401	0	1480055070585	26247563245782591480054926617	1366	768	1366	662	
230865	447	412	447	412	0	1480055070633	26247563245782591480054926617	1366	768	1366	662	
230866	448	418	448	418	0	1480055070681	26247563245782591480054926617	1366	768	1366	662	
230867	448	425	448	425	0	1480055070729	26247563245782591480054926617	1366	768	1366	662	
230868	445	431	445	431	0	1480055070777	26247563245782591480054926617	1366	768	1366	662	
230869	440	435	440	435	0	1480055070825	26247563245782591480054926617	1366	768	1366	662	
230870	434	437	434	437	0	1480055070881	26247563245782591480054926617	1366	768	1366	662	
230871	429	436	429	436	0	1480055070929	26247563245782591480054926617	1366	768	1366	662	
230872	426	433	426	433	0	1480055070970	26247563245782591480054926617	1366	768	1366	662	
230873	422	425	422	425	0	1480055071017	26247563245782591480054926617	1366	768	1366	662	
230874	418	420	418	420	0	1480055072194	26247563245782591480054926617	1366	768	1366	662	
230875	417	417	417	417	0	1480055072321	26247563245782591480054926617	1366	768	1366	662	
230876	415	408	415	408	0	1480055072369	26247563245782591480054926617	1366	768	1366	662	
230877	410	368	410	368	0	1480055072417	26247563245782591480054926617	1366	768	1366	662	
230878	409	123	409	123	0	1480055072465	26247563245782591480054926617	1366	768	1366	662	
230879	301	9	301	9	0	1480055093449	26247563245782591480054926617	1366	768	1366	662	
230880	311	83	311	83	0	1480055093497	26247563245782591480054926617	1366	768	1366	662	
230881	327	147	327	147	0	1480055093544	26247563245782591480054926617	1366	768	1366	662	
230882	344	202	344	202	0	1480055093592	26247563245782591480054926617	1366	768	1366	662	
230883	362	250	362	250	0	1480055093641	26247563245782591480054926617	1366	768	1366	662	
230884	387	294	387	294	0	1480055093688	26247563245782591480054926617	1366	768	1366	662	
230885	398	303	398	303	0	1480055093736	26247563245782591480054926617	1366	768	1366	662	
230886	399	303	399	303	0	1480055093873	26247563245782591480054926617	1366	768	1366	662	
230887	394	251	394	251	0	1480055093920	26247563245782591480054926617	1366	768	1366	662	
230888	375	182	375	182	0	1480055093968	26247563245782591480054926617	1366	768	1366	662	
230889	323	98	323	98	0	1480055094016	26247563245782591480054926617	1366	768	1366	662	
230890	139	287	139	287	0	1480055102128	26247563245782591480054926617	1366	768	1366	662	
230891	275	310	275	310	0	1480055102169	26247563245782591480054926617	1366	768	1366	662	
230892	530	351	530	351	0	1480055102217	26247563245782591480054926617	1366	768	1366	662	
230893	642	363	642	363	0	1480055102265	26247563245782591480054926617	1366	768	1366	662	
230894	651	364	651	364	0	1480055102313	26247563245782591480054926617	1366	768	1366	662	
230895	659	364	659	364	0	1480055102361	26247563245782591480054926617	1366	768	1366	662	
230896	695	364	695	364	0	1480055102409	26247563245782591480054926617	1366	768	1366	662	
230897	776	364	776	364	0	1480055102456	26247563245782591480054926617	1366	768	1366	662	
230898	802	363	802	363	0	1480055102893	26247563245782591480054926617	1366	768	1366	662	
230899	802	362	802	362	0	1480055103073	26247563245782591480054926617	1366	768	1366	662	
230900	802	360	802	360	0	1480055103185	26247563245782591480054926617	1366	768	1366	662	
230901	801	358	801	358	0	1480055103232	26247563245782591480054926617	1366	768	1366	662	
230902	799	354	799	354	0	1480055103281	26247563245782591480054926617	1366	768	1366	662	
230903	799	353	799	353	0	1480055103417	26247563245782591480054926617	1366	768	1366	662	
230904	813	321	813	321	0	1480055103465	26247563245782591480054926617	1366	768	1366	662	
230905	913	238	913	238	0	1480055103513	26247563245782591480054926617	1366	768	1366	662	
230906	935	222	935	222	0	1480055103560	26247563245782591480054926617	1366	768	1366	662	
230907	938	220	938	220	0	1480055103601	26247563245782591480054926617	1366	768	1366	662	
230908	938	218	938	218	0	1480055103657	26247563245782591480054926617	1366	768	1366	662	
230909	938	217	938	317	0	1480055108700	26247563245782591480054926617	1366	768	1366	662	
230910	938	217	938	417	0	1480055116897	26247563245782591480054926617	1366	768	1366	662	
230911	938	217	938	517	0	1480055118067	26247563245782591480054926617	1366	768	1366	662	
230912	938	217	938	817	0	1480055118585	26247563245782591480054926617	1366	768	1366	662	
230913	938	217	938	1217	0	1480055122901	26247563245782591480054926617	1366	768	1366	662	
230914	938	217	938	1417	0	1480055133051	26247563245782591480054926617	1366	768	1366	662	
230915	938	217	938	1517	0	1480055134173	26247563245782591480054926617	1366	768	1366	662	
230916	938	217	938	1417	0	1480055135629	26247563245782591480054926617	1366	768	1366	662	
230917	938	217	938	1517	0	1480055138689	26247563245782591480054926617	1366	768	1366	662	
230918	938	217	938	1717	0	1480055140128	26247563245782591480054926617	1366	768	1366	662	
230919	938	217	938	1617	0	1480055155196	26247563245782591480054926617	1366	768	1366	662	
230920	938	217	938	1517	0	1480055163174	26247563245782591480054926617	1366	768	1366	662	
230921	938	217	938	1317	0	1480055163709	26247563245782591480054926617	1366	768	1366	662	
230922	938	217	938	1217	0	1480055164696	26247563245782591480054926617	1366	768	1366	662	
230923	938	217	938	717	0	1480055166654	26247563245782591480054926617	1366	768	1366	662	
230924	938	217	938	217	0	1480055167037	26247563245782591480054926617	1366	768	1366	662	
230925	923	209	923	209	0	1480055167649	26247563245782591480054926617	1366	768	1366	662	
230926	770	192	770	192	0	1480055167695	26247563245782591480054926617	1366	768	1366	662	
230927	742	186	742	186	0	1480055167743	26247563245782591480054926617	1366	768	1366	662	
230928	741	185	741	185	0	1480055167920	26247563245782591480054926617	1366	768	1366	662	
230929	729	182	729	182	0	1480055167968	26247563245782591480054926617	1366	768	1366	662	
230930	722	179	722	179	0	1480055168456	26247563245782591480054926617	1366	768	1366	662	
230931	724	180	724	180	0	1480055168543	26247563245782591480054926617	1366	768	1366	662	
230932	718	183	718	183	0	1480055168591	26247563245782591480054926617	1366	768	1366	662	
230933	707	183	707	183	0	1480055168632	26247563245782591480054926617	1366	768	1366	662	
230934	645	180	645	180	0	1480055168679	26247563245782591480054926617	1366	768	1366	662	
230935	456	147	456	147	0	1480055168727	26247563245782591480054926617	1366	768	1366	662	
230936	198	82	198	82	0	1480055168776	26247563245782591480054926617	1366	768	1366	662	
230937	98	63	98	63	0	1480055168823	26247563245782591480054926617	1366	768	1366	662	
230938	96	62	96	62	0	1480055168919	26247563245782591480054926617	1366	768	1366	662	
230939	96	46	96	46	0	1480055168967	26247563245782591480054926617	1366	768	1366	662	
230940	109	3	109	3	0	1480055169015	26247563245782591480054926617	1366	768	1366	662	
230941	15	1	15	1	0	1480055170585	26247563245782591480054926617	1366	768	1366	662	
230942	19	16	19	17	0	1480055170633	26247563245782591480054926617	1366	768	1366	662	
230943	20	20	20	520	0	1480055170902	26247563245782591480054926617	1366	768	1366	662	
230944	20	20	20	1020	0	1480055171353	26247563245782591480054926617	1366	768	1366	662	
230945	19	20	19	1020	0	1480055173809	26247563245782591480054926617	1366	768	1366	662	
230946	18	16	18	1016	0	1480055173992	26247563245782591480054926617	1366	768	1366	662	
230947	18	14	18	1014	0	1480055174040	26247563245782591480054926617	1366	768	1366	662	
230948	18	11	18	1011	0	1480055174104	26247563245782591480054926617	1366	768	1366	662	
230949	18	8	18	1008	0	1480055174184	26247563245782591480054926617	1366	768	1366	662	
230950	18	7	18	1007	0	1480055179633	26247563245782591480054926617	1366	768	1366	662	
230951	526	0	526	1000	0	1480055333001	26247563245782591480054926617	1366	768	1366	662	
230952	527	4	527	639	0	1480055333199	26247563245782591480054926617	1366	768	1366	662	
230960	337	14	337	414	0	1480055518088	26247563245782591480054926617	1366	768	1366	662	
230961	427	351	427	751	0	1480055518134	26247563245782591480054926617	1366	768	1366	662	
230988	305	656	305	1056	0	1480055754134	26247563245782591480054926617	1366	768	1366	662	
230989	309	502	309	902	0	1480055754181	26247563245782591480054926617	1366	768	1366	662	
230990	309	231	309	631	0	1480055754229	26247563245782591480054926617	1366	768	1366	662	
230991	309	203	309	603	0	1480055754285	26247563245782591480054926617	1366	768	1366	662	
230992	311	202	311	602	0	1480055754341	26247563245782591480054926617	1366	768	1366	662	
230993	313	199	313	599	0	1480055754389	26247563245782591480054926617	1366	768	1366	662	
230994	318	194	318	594	0	1480055754437	26247563245782591480054926617	1366	768	1366	662	
230995	325	187	325	587	0	1480055754485	26247563245782591480054926617	1366	768	1366	662	
230996	330	182	330	582	0	1480055754533	26247563245782591480054926617	1366	768	1366	662	
230997	330	181	330	181	0	1480055755314	26247563245782591480054926617	1366	768	1366	662	
230998	309	173	309	173	0	1480055756357	26247563245782591480054926617	1366	768	1366	662	
231654	741	2	741	2	0	1480056319251	26247563245782591480054926617	1366	768	1366	662	
231655	766	57	766	57	0	1480056319324	26247563245782591480054926617	1366	768	1366	662	
231656	773	79	773	79	0	1480056319368	26247563245782591480054926617	1366	768	1366	662	
231657	776	73	776	176	0	1480056319538	26247563245782591480054926617	1366	768	1366	662	
231658	785	32	785	245	0	1480056319584	26247563245782591480054926617	1366	768	1366	662	
239545	665	43	665	343	0	1480062165292	26247563245782591480054926617	1366	768	1366	613	
239546	663	199	663	504	0	1480062165336	26247563245782591480054926617	1366	768	1366	613	
239547	663	215	663	550	0	1480062165383	26247563245782591480054926617	1366	768	1366	613	
239548	662	215	662	517	0	1480062165681	26247563245782591480054926617	1366	768	1366	613	
239549	661	212	661	812	0	1480062165880	26247563245782591480054926617	1366	768	1366	613	
239550	661	212	661	1312	0	1480062166147	26247563245782591480054926617	1366	768	1366	613	
239551	661	211	661	1311	0	1480062166455	26247563245782591480054926617	1366	768	1366	613	
239552	661	210	661	1310	0	1480062166567	26247563245782591480054926617	1366	768	1366	613	
239553	660	210	660	1310	0	1480062169002	26247563245782591480054926617	1366	768	1366	613	
239554	659	210	659	1310	0	1480062169104	26247563245782591480054926617	1366	768	1366	613	
239555	631	207	631	1307	0	1480062172345	26247563245782591480054926617	1366	768	1366	613	
239556	122	209	122	1309	0	1480062172392	26247563245782591480054926617	1366	768	1366	613	
239557	0	205	0	1305	0	1480062172456	26247563245782591480054926617	1366	768	1366	613	
239558	1	203	1	1303	0	1480062172504	26247563245782591480054926617	1366	768	1366	613	
239559	10	195	10	1295	0	1480062172552	26247563245782591480054926617	1366	768	1366	613	
239560	56	189	56	1289	0	1480062172600	26247563245782591480054926617	1366	768	1366	613	
239561	160	196	160	1296	0	1480062172648	26247563245782591480054926617	1366	768	1366	613	
239562	250	214	250	1314	0	1480062172695	26247563245782591480054926617	1366	768	1366	613	
239563	263	218	263	1418	0	1480062173071	26247563245782591480054926617	1366	768	1366	613	
239564	263	216	263	2147	0	1480062173607	26247563245782591480054926617	1366	768	1366	613	
239565	263	216	263	1847	0	1480062174158	26247563245782591480054926617	1366	768	1366	613	
239566	263	216	263	1247	0	1480062174810	26247563245782591480054926617	1366	768	1366	613	
239567	262	216	262	1247	0	1480062198719	26247563245782591480054926617	1366	768	1366	613	
239568	260	214	260	1245	0	1480062198782	26247563245782591480054926617	1366	768	1366	613	
239569	259	213	259	1244	0	1480062198846	26247563245782591480054926617	1366	768	1366	613	
239570	258	213	258	1644	0	1480062201871	26247563245782591480054926617	1366	768	1366	613	
239571	257	213	257	1644	0	1480062206463	26247563245782591480054926617	1366	768	1366	613	
239572	254	212	254	1643	0	1480062206639	26247563245782591480054926617	1366	768	1366	613	
239573	254	212	254	1843	0	1480062207825	26247563245782591480054926617	1366	768	1366	613	
239574	254	212	254	2143	0	1480062208812	26247563245782591480054926617	1366	768	1366	613	
239575	255	212	255	2143	0	1480062212775	26247563245782591480054926617	1366	768	1366	613	
239576	290	263	290	2194	0	1480062212822	26247563245782591480054926617	1366	768	1366	613	
239577	297	267	297	2198	0	1480062212878	26247563245782591480054926617	1366	768	1366	613	
239578	298	267	298	1998	0	1480062213394	26247563245782591480054926617	1366	768	1366	613	
239579	297	266	297	1997	0	1480062214295	26247563245782591480054926617	1366	768	1366	613	
239580	293	262	293	1993	0	1480062214342	26247563245782591480054926617	1366	768	1366	613	
239581	291	262	291	1993	0	1480062214398	26247563245782591480054926617	1366	768	1366	613	
239582	291	262	291	1793	0	1480062221373	26247563245782591480054926617	1366	768	1366	613	
239583	291	262	291	1593	0	1480062222058	26247563245782591480054926617	1366	768	1366	613	
239584	291	262	291	1393	0	1480062222660	26247563245782591480054926617	1366	768	1366	613	
239585	291	262	291	1193	0	1480062224868	26247563245782591480054926617	1366	768	1366	613	
239586	291	262	291	1144	3	1480062225232	26247563245782591480054926617	1366	768	1366	613	
239587	291	262	291	911	0	1480062225345	26247563245782591480054926617	1366	768	1366	613	
239588	291	262	291	793	0	1480062225570	26247563245782591480054926617	1366	768	1366	613	
239589	12	107	12	638	1	1480062226235	26247563245782591480054926617	1366	768	1366	613	
239590	12	107	12	638	1	1480062226392	26247563245782591480054926617	1366	768	1366	613	
239591	12	107	12	638	0	1480062226393	26247563245782591480054926617	1366	768	1366	613	
239592	14	111	14	642	0	1480062226486	26247563245782591480054926617	1366	768	1366	613	
239593	32	126	32	657	0	1480062226536	26247563245782591480054926617	1366	768	1366	613	
239594	61	139	61	670	0	1480062226582	26247563245782591480054926617	1366	768	1366	613	
239595	62	140	62	671	0	1480062226630	26247563245782591480054926617	1366	768	1366	613	
239596	63	140	63	671	0	1480062226679	26247563245782591480054926617	1366	768	1366	613	
239597	62	138	62	669	0	1480062226734	26247563245782591480054926617	1366	768	1366	613	
239598	59	134	59	665	0	1480062226782	26247563245782591480054926617	1366	768	1366	613	
239599	55	131	55	654	0	1480062226863	26247563245782591480054926617	1366	768	1366	613	
239600	55	131	55	162	0	1480062227126	26247563245782591480054926617	1366	768	1366	613	
239601	55	131	55	562	0	1480062230788	26247563245782591480054926617	1366	768	1366	613	
239602	55	131	55	862	0	1480062231541	26247563245782591480054926617	1366	768	1366	613	
239603	55	131	55	1062	0	1480062232963	26247563245782591480054926617	1366	768	1366	613	
239604	55	131	55	1162	0	1480062235839	26247563245782591480054926617	1366	768	1366	613	
239643	55	131	55	1362	0	1480062255442	26247563245782591480054926617	1366	768	1366	613	
239644	55	131	55	1562	0	1480062256613	26247563245782591480054926617	1366	768	1366	613	
239761	55	131	55	1362	0	1480062270159	26247563245782591480054926617	1366	768	1366	613	
239762	55	131	55	1162	0	1480062270845	26247563245782591480054926617	1366	768	1366	613	
239763	55	126	55	1157	0	1480062272078	26247563245782591480054926617	1366	768	1366	613	
243717	943	201	943	201	0	1480064260015	26247563245782591480054926617	1366	768	1366	613	
243718	943	204	943	204	0	1480064260545	26247563245782591480054926617	1366	768	1366	613	
243719	932	257	932	257	0	1480064260592	26247563245782591480054926617	1366	768	1366	613	
243720	926	268	926	268	0	1480064260640	26247563245782591480054926617	1366	768	1366	613	
243721	923	270	923	270	0	1480064260696	26247563245782591480054926617	1366	768	1366	613	
243722	922	271	922	271	0	1480064267820	26247563245782591480054926617	1366	768	1366	613	
243723	922	271	922	1171	0	1480064272536	26247563245782591480054926617	1366	768	1366	613	
243724	921	270	921	1170	0	1480064272760	26247563245782591480054926617	1366	768	1366	613	
243725	528	35	528	935	0	1480064278090	26247563245782591480054926617	1366	768	1366	613	
243726	438	361	438	1261	0	1480064278137	26247563245782591480054926617	1366	768	1366	613	
243727	430	475	430	1375	0	1480064278178	26247563245782591480054926617	1366	768	1366	613	
243728	427	514	427	1414	0	1480064278224	26247563245782591480054926617	1366	768	1366	613	
243729	425	528	425	1428	0	1480064278272	26247563245782591480054926617	1366	768	1366	613	
243730	425	528	425	1428	0	1480064278353	26247563245782591480054926617	1366	768	1366	613	
243731	424	528	424	1428	0	1480064278408	26247563245782591480054926617	1366	768	1366	613	
243732	413	531	413	1431	0	1480064278456	26247563245782591480054926617	1366	768	1366	613	
243733	348	586	348	1486	0	1480064278503	26247563245782591480054926617	1366	768	1366	613	
243767	317	610	317	1510	0	1480064331641	26247563245782591480054926617	1366	768	1366	613	
243768	359	183	359	1083	0	1480064331688	26247563245782591480054926617	1366	768	1366	613	
243769	638	9	638	909	0	1480064332337	26247563245782591480054926617	1366	768	1366	613	
243770	501	275	501	1175	0	1480064332384	26247563245782591480054926617	1366	768	1366	613	
243771	469	326	469	1226	0	1480064332425	26247563245782591480054926617	1366	768	1366	613	
243772	469	327	469	427	0	1480064332849	26247563245782591480054926617	1366	768	1366	613	
243773	469	327	469	327	0	1480064333182	26247563245782591480054926617	1366	768	1366	613	
243774	382	158	382	158	0	1480064333224	26247563245782591480054926617	1366	768	1366	613	
243775	152	2	152	2	0	1480064335504	26247563245782591480054926617	1366	768	1366	613	
243776	372	60	372	60	0	1480064335545	26247563245782591480054926617	1366	768	1366	613	
243777	592	112	592	112	0	1480064335593	26247563245782591480054926617	1366	768	1366	613	
243778	653	129	653	129	0	1480064335643	26247563245782591480054926617	1366	768	1366	613	
243779	665	135	665	135	0	1480064335689	26247563245782591480054926617	1366	768	1366	613	
243780	666	135	666	135	0	1480064337490	26247563245782591480054926617	1366	768	1366	613	
243781	674	134	674	134	0	1480064337537	26247563245782591480054926617	1366	768	1366	613	
243782	678	132	678	132	0	1480064337889	26247563245782591480054926617	1366	768	1366	613	
243783	696	101	696	101	0	1480064337937	26247563245782591480054926617	1366	768	1366	613	
243784	706	79	706	79	0	1480064337988	26247563245782591480054926617	1366	768	1366	613	
243785	709	37	709	37	0	1480064338032	26247563245782591480054926617	1366	768	1366	613	
243786	709	25	709	25	0	1480064338073	26247563245782591480054926617	1366	768	1366	613	
243787	708	20	708	20	0	1480064338121	26247563245782591480054926617	1366	768	1366	613	
243788	702	12	702	12	0	1480064338169	26247563245782591480054926617	1366	768	1366	613	
243789	690	4	690	4	0	1480064338217	26247563245782591480054926617	1366	768	1366	613	
243790	688	2	688	2	0	1480064338537	26247563245782591480054926617	1366	768	1366	613	
243791	655	5	655	5	0	1480064339209	26247563245782591480054926617	1366	768	1366	613	
243792	653	183	653	183	0	1480064339257	26247563245782591480054926617	1366	768	1366	613	
243793	642	360	642	360	0	1480064339305	26247563245782591480054926617	1366	768	1366	613	
243794	615	506	615	506	0	1480064339353	26247563245782591480054926617	1366	768	1366	613	
243795	592	601	592	601	0	1480064339401	26247563245782591480054926617	1366	768	1366	613	
244147	673	570	673	2501	0	1480064442714	26247563245782591480054926617	1366	768	1366	613	
244148	891	218	891	2149	0	1480064442759	26247563245782591480054926617	1366	768	1366	613	
244149	927	95	927	2026	0	1480064442800	26247563245782591480054926617	1366	768	1366	613	
244150	929	83	929	2014	0	1480064442895	26247563245782591480054926617	1366	768	1366	613	
244151	922	96	922	2027	0	1480064442943	26247563245782591480054926617	1366	768	1366	613	
244152	918	120	918	2051	0	1480064442991	26247563245782591480054926617	1366	768	1366	613	
244153	915	121	915	2052	0	1480064443111	26247563245782591480054926617	1366	768	1366	613	
244154	882	110	882	2041	0	1480064443159	26247563245782591480054926617	1366	768	1366	613	
244155	838	92	838	2023	0	1480064443207	26247563245782591480054926617	1366	768	1366	613	
244156	831	95	831	2026	0	1480064443255	26247563245782591480054926617	1366	768	1366	613	
244157	826	100	826	1635	0	1480064443544	26247563245782591480054926617	1366	768	1366	613	
244158	804	97	804	1528	0	1480064443591	26247563245782591480054926617	1366	768	1366	613	
244159	766	87	766	1518	0	1480064443639	26247563245782591480054926617	1366	768	1366	613	
244160	758	62	758	1493	0	1480064443687	26247563245782591480054926617	1366	768	1366	613	
244161	753	44	753	1475	0	1480064443735	26247563245782591480054926617	1366	768	1366	613	
244162	753	31	753	1172	0	1480064444071	26247563245782591480054926617	1366	768	1366	613	
244163	734	20	734	1151	0	1480064444311	26247563245782591480054926617	1366	768	1366	613	
244164	705	273	705	1404	0	1480064444352	26247563245782591480054926617	1366	768	1366	613	
244165	511	612	511	1743	0	1480064445762	26247563245782591480054926617	1366	768	1366	613	
244166	641	483	641	1614	0	1480064445807	26247563245782591480054926617	1366	768	1366	613	
244167	808	375	808	1506	0	1480064445855	26247563245782591480054926617	1366	768	1366	613	
244168	938	362	938	1493	0	1480064445903	26247563245782591480054926617	1366	768	1366	613	
244169	1025	363	1025	1494	0	1480064445944	26247563245782591480054926617	1366	768	1366	613	
244170	1287	275	1287	1406	0	1480064448136	26247563245782591480054926617	1366	768	1366	613	
244171	1292	269	1292	1400	0	1480064448182	26247563245782591480054926617	1366	768	1366	613	
244172	1292	269	1292	1400	0	1480064448232	26247563245782591480054926617	1366	768	1366	613	
244173	1292	269	1292	1400	0	1480064448296	26247563245782591480054926617	1366	768	1366	613	
244174	1279	269	1279	1400	0	1480064453799	26247563245782591480054926617	1366	768	1366	613	
244175	742	264	742	1395	0	1480064453846	26247563245782591480054926617	1366	768	1366	613	
244176	536	261	536	1392	0	1480064453894	26247563245782591480054926617	1366	768	1366	613	
244177	585	314	585	1445	0	1480064453942	26247563245782591480054926617	1366	768	1366	613	
244178	593	449	593	1580	0	1480064453990	26247563245782591480054926617	1366	768	1366	613	
244179	595	514	595	1645	0	1480064454038	26247563245782591480054926617	1366	768	1366	613	
244180	599	521	599	1652	0	1480064454086	26247563245782591480054926617	1366	768	1366	613	
244181	603	532	603	1663	0	1480064454134	26247563245782591480054926617	1366	768	1366	613	
244182	602	536	602	1667	0	1480064454182	26247563245782591480054926617	1366	768	1366	613	
244183	593	594	593	1725	0	1480064454230	26247563245782591480054926617	1366	768	1366	613	
244258	1335	340	1335	1471	0	1480064487094	26247563245782591480054926617	1366	768	1366	613	
244259	841	299	841	1430	0	1480064487142	26247563245782591480054926617	1366	768	1366	613	
244260	464	325	464	1456	0	1480064487184	26247563245782591480054926617	1366	768	1366	613	
244261	304	362	304	1493	0	1480064487230	26247563245782591480054926617	1366	768	1366	613	
244262	311	364	311	1495	0	1480064487326	26247563245782591480054926617	1366	768	1366	613	
244263	391	500	391	1631	0	1480064487374	26247563245782591480054926617	1366	768	1366	613	
244264	868	609	868	1740	0	1480064487614	26247563245782591480054926617	1366	768	1366	613	
244265	861	602	861	1733	0	1480064487662	26247563245782591480054926617	1366	768	1366	613	
244266	820	599	820	1730	0	1480064487710	26247563245782591480054926617	1366	768	1366	613	
244267	736	599	736	1730	0	1480064487758	26247563245782591480054926617	1366	768	1366	613	
244268	697	606	697	1737	0	1480064487806	26247563245782591480054926617	1366	768	1366	613	
244533	294	609	294	1740	0	1480064597686	26247563245782591480054926617	1366	768	1366	613	
244534	300	411	300	1542	0	1480064597733	26247563245782591480054926617	1366	768	1366	613	
244535	313	267	313	1398	0	1480064597775	26247563245782591480054926617	1366	768	1366	613	
244536	322	235	322	1366	0	1480064597822	26247563245782591480054926617	1366	768	1366	613	
244537	323	235	323	1366	0	1480064597944	26247563245782591480054926617	1366	768	1366	613	
244538	510	27	510	1158	0	1480064597990	26247563245782591480054926617	1366	768	1366	613	
244539	696	5	696	1136	0	1480064598847	26247563245782591480054926617	1366	768	1366	613	
244540	694	39	694	1170	0	1480064598894	26247563245782591480054926617	1366	768	1366	613	
244541	693	45	693	776	0	1480064599192	26247563245782591480054926617	1366	768	1366	613	
244542	697	59	697	790	0	1480064599238	26247563245782591480054926617	1366	768	1366	613	
244543	700	69	700	800	0	1480064599286	26247563245782591480054926617	1366	768	1366	613	
244544	701	71	701	202	0	1480064599648	26247563245782591480054926617	1366	768	1366	613	
244545	701	71	701	71	0	1480064600151	26247563245782591480054926617	1366	768	1366	613	
244546	702	71	702	71	0	1480064600318	26247563245782591480054926617	1366	768	1366	613	
244547	792	65	792	65	0	1480064600366	26247563245782591480054926617	1366	768	1366	613	
244548	1000	59	1000	59	0	1480064600414	26247563245782591480054926617	1366	768	1366	613	
244549	1120	57	1120	57	0	1480064600462	26247563245782591480054926617	1366	768	1366	613	
244550	1139	57	1139	57	0	1480064600534	26247563245782591480054926617	1366	768	1366	613	
244551	1141	57	1141	57	0	1480064600582	26247563245782591480054926617	1366	768	1366	613	
244552	1140	57	1140	57	0	1480064601014	26247563245782591480054926617	1366	768	1366	613	
244553	1026	55	1026	55	0	1480064601062	26247563245782591480054926617	1366	768	1366	613	
244554	782	55	782	55	0	1480064601110	26247563245782591480054926617	1366	768	1366	613	
244555	510	55	510	55	0	1480064601158	26247563245782591480054926617	1366	768	1366	613	
244556	343	55	343	55	0	1480064601205	26247563245782591480054926617	1366	768	1366	613	
244557	328	55	328	55	0	1480064601406	26247563245782591480054926617	1366	768	1366	613	
244558	273	53	273	53	0	1480064601455	26247563245782591480054926617	1366	768	1366	613	
244559	179	52	179	52	0	1480064601502	26247563245782591480054926617	1366	768	1366	613	
244560	154	52	154	52	0	1480064601558	26247563245782591480054926617	1366	768	1366	613	
244561	152	53	152	53	0	1480064601614	26247563245782591480054926617	1366	768	1366	613	
244562	149	55	149	55	0	1480064601662	26247563245782591480054926617	1366	768	1366	613	
244563	149	55	149	55	1	1480064603705	26247563245782591480054926617	1366	768	1366	613	
244564	149	55	149	55	1	1480064603810	26247563245782591480054926617	1366	768	1366	613	
244565	149	55	149	55	0	1480064603814	26247563245782591480054926617	1366	768	1366	613	
244566	150	56	150	56	0	1480064604487	26247563245782591480054926617	1366	768	1366	613	
244567	364	96	364	96	0	1480064604534	26247563245782591480054926617	1366	768	1366	613	
244568	617	185	617	185	0	1480064604582	26247563245782591480054926617	1366	768	1366	613	
244569	694	232	694	232	0	1480064604629	26247563245782591480054926617	1366	768	1366	613	
244570	702	260	702	260	0	1480064604670	26247563245782591480054926617	1366	768	1366	613	
244571	704	264	704	264	0	1480064604846	26247563245782591480054926617	1366	768	1366	613	
244572	714	265	714	265	0	1480064604894	26247563245782591480054926617	1366	768	1366	613	
244573	720	265	720	265	0	1480064605325	26247563245782591480054926617	1366	768	1366	613	
244574	719	265	719	265	0	1480064605486	26247563245782591480054926617	1366	768	1366	613	
244575	543	270	543	270	0	1480064605533	26247563245782591480054926617	1366	768	1366	613	
244576	360	272	360	272	0	1480064605582	26247563245782591480054926617	1366	768	1366	613	
244577	334	275	334	275	0	1480064605629	26247563245782591480054926617	1366	768	1366	613	
244578	331	278	331	278	0	1480064605677	26247563245782591480054926617	1366	768	1366	613	
244579	325	280	325	280	0	1480064605725	26247563245782591480054926617	1366	768	1366	613	
244580	313	286	313	286	0	1480064605773	26247563245782591480054926617	1366	768	1366	613	
244581	290	295	290	295	0	1480064605821	26247563245782591480054926617	1366	768	1366	613	
244582	225	325	225	325	0	1480064605869	26247563245782591480054926617	1366	768	1366	613	
244583	183	339	183	339	0	1480064605917	26247563245782591480054926617	1366	768	1366	613	
244584	175	347	175	347	0	1480064605973	26247563245782591480054926617	1366	768	1366	613	
244585	171	351	171	351	0	1480064606021	26247563245782591480054926617	1366	768	1366	613	
244586	169	354	169	354	0	1480064606078	26247563245782591480054926617	1366	768	1366	613	
244587	157	360	157	360	0	1480064606125	26247563245782591480054926617	1366	768	1366	613	
244588	136	373	136	373	0	1480064606173	26247563245782591480054926617	1366	768	1366	613	
244589	124	380	124	380	0	1480064606221	26247563245782591480054926617	1366	768	1366	613	
244590	121	384	121	384	0	1480064606269	26247563245782591480054926617	1366	768	1366	613	
244591	120	387	120	387	0	1480064606317	26247563245782591480054926617	1366	768	1366	613	
244592	120	388	120	388	0	1480064606413	26247563245782591480054926617	1366	768	1366	613	
244593	120	392	120	392	0	1480064606478	26247563245782591480054926617	1366	768	1366	613	
244594	120	398	120	398	0	1480064606525	26247563245782591480054926617	1366	768	1366	613	
244595	120	403	120	403	0	1480064606597	26247563245782591480054926617	1366	768	1366	613	
244596	120	405	120	405	0	1480064606647	26247563245782591480054926617	1366	768	1366	613	
244597	120	404	120	404	0	1480064606725	26247563245782591480054926617	1366	768	1366	613	
244598	121	393	121	393	0	1480064606773	26247563245782591480054926617	1366	768	1366	613	
244599	122	368	122	368	0	1480064606823	26247563245782591480054926617	1366	768	1366	613	
244600	122	361	122	361	0	1480064606869	26247563245782591480054926617	1366	768	1366	613	
244601	122	359	122	359	0	1480064606982	26247563245782591480054926617	1366	768	1366	613	
244602	122	360	122	360	0	1480064607166	26247563245782591480054926617	1366	768	1366	613	
244603	122	394	122	394	0	1480064607213	26247563245782591480054926617	1366	768	1366	613	
244604	124	414	124	414	0	1480064607254	26247563245782591480054926617	1366	768	1366	613	
244605	124	421	124	421	0	1480064607301	26247563245782591480054926617	1366	768	1366	613	
244606	124	425	124	425	0	1480064607358	26247563245782591480054926617	1366	768	1366	613	
244607	124	425	124	425	0	1480064607493	26247563245782591480054926617	1366	768	1366	613	
244608	125	422	125	422	0	1480064607541	26247563245782591480054926617	1366	768	1366	613	
244609	125	421	125	421	0	1480064607597	26247563245782591480054926617	1366	768	1366	613	
244610	125	420	125	420	1	1480064607871	26247563245782591480054926617	1366	768	1366	613	
244611	125	420	125	420	1	1480064608065	26247563245782591480054926617	1366	768	1366	613	
244612	125	420	125	420	0	1480064608072	26247563245782591480054926617	1366	768	1366	613	
244613	127	419	127	419	0	1480064610054	26247563245782591480054926617	1366	768	1366	613	
244614	176	404	176	404	0	1480064610101	26247563245782591480054926617	1366	768	1366	613	
244615	365	284	365	284	0	1480064610142	26247563245782591480054926617	1366	768	1366	613	
244616	473	171	473	171	0	1480064610189	26247563245782591480054926617	1366	768	1366	613	
244617	478	155	478	155	0	1480064610237	26247563245782591480054926617	1366	768	1366	613	
244618	480	150	480	150	0	1480064610565	26247563245782591480054926617	1366	768	1366	613	
244619	658	3	658	3	0	1480064614745	26247563245782591480054926617	1366	768	1366	613	
244620	601	96	601	96	0	1480064614789	26247563245782591480054926617	1366	768	1366	613	
244621	585	222	585	222	0	1480064614838	26247563245782591480054926617	1366	768	1366	613	
244622	582	284	582	284	0	1480064614885	26247563245782591480054926617	1366	768	1366	613	
244623	581	302	581	303	0	1480064614933	26247563245782591480054926617	1366	768	1366	613	
244624	581	306	581	475	0	1480064615077	26247563245782591480054926617	1366	768	1366	613	
244625	581	313	581	567	0	1480064615125	26247563245782591480054926617	1366	768	1366	613	
244626	581	316	581	616	0	1480064615303	26247563245782591480054926617	1366	768	1366	613	
244627	581	313	581	613	0	1480064618271	26247563245782591480054926617	1366	768	1366	613	
244628	581	313	581	313	0	1480064620137	26247563245782591480054926617	1366	768	1366	613	
244629	581	313	581	713	0	1480064620807	26247563245782591480054926617	1366	768	1366	613	
244630	581	313	581	1013	0	1480064622295	26247563245782591480054926617	1366	768	1366	613	
244631	581	313	581	1313	0	1480064624303	26247563245782591480054926617	1366	768	1366	613	
244632	581	313	581	1613	0	1480064625555	26247563245782591480054926617	1366	768	1366	613	
244633	581	313	581	1813	0	1480064626307	26247563245782591480054926617	1366	768	1366	613	
244634	581	313	581	2113	0	1480064626776	26247563245782591480054926617	1366	768	1366	613	
244635	581	313	581	1613	0	1480064627144	26247563245782591480054926617	1366	768	1366	613	
244636	581	313	581	1213	0	1480064627478	26247563245782591480054926617	1366	768	1366	613	
244637	581	313	581	713	0	1480064627846	26247563245782591480054926617	1366	768	1366	613	
244638	581	313	581	313	0	1480064628381	26247563245782591480054926617	1366	768	1366	613	
244639	584	307	584	307	0	1480064629415	26247563245782591480054926617	1366	768	1366	613	
244640	715	148	715	148	0	1480064629461	26247563245782591480054926617	1366	768	1366	613	
244641	803	110	803	110	0	1480064629509	26247563245782591480054926617	1366	768	1366	613	
244642	796	108	796	108	0	1480064629669	26247563245782591480054926617	1366	768	1366	613	
244643	674	128	674	128	0	1480064629718	26247563245782591480054926617	1366	768	1366	613	
244644	577	134	577	134	0	1480064629765	26247563245782591480054926617	1366	768	1366	613	
244645	543	142	543	142	0	1480064629813	26247563245782591480054926617	1366	768	1366	613	
244646	534	149	534	149	0	1480064629861	26247563245782591480054926617	1366	768	1366	613	
244647	518	156	518	156	0	1480064629909	26247563245782591480054926617	1366	768	1366	613	
244648	492	161	492	161	0	1480064629957	26247563245782591480054926617	1366	768	1366	613	
244649	472	163	472	163	0	1480064630005	26247563245782591480054926617	1366	768	1366	613	
244650	467	162	467	162	0	1480064630053	26247563245782591480054926617	1366	768	1366	613	
244651	467	160	467	160	0	1480064630453	26247563245782591480054926617	1366	768	1366	613	
244652	470	153	470	153	0	1480064630501	26247563245782591480054926617	1366	768	1366	613	
244653	195	210	195	210	0	1480064642138	26247563245782591480054926617	1366	768	1366	613	
244654	238	203	238	203	0	1480064642182	26247563245782591480054926617	1366	768	1366	613	
244655	307	201	307	201	0	1480064642231	26247563245782591480054926617	1366	768	1366	613	
244656	370	192	370	192	0	1480064642272	26247563245782591480054926617	1366	768	1366	613	
244657	404	182	404	182	0	1480064642317	26247563245782591480054926617	1366	768	1366	613	
244658	412	178	412	178	0	1480064642365	26247563245782591480054926617	1366	768	1366	613	
244659	414	177	414	177	0	1480064642414	26247563245782591480054926617	1366	768	1366	613	
244660	418	175	418	175	0	1480064642461	26247563245782591480054926617	1366	768	1366	613	
244661	421	174	421	174	0	1480064642517	26247563245782591480054926617	1366	768	1366	613	
244662	422	172	422	172	0	1480064645902	26247563245782591480054926617	1366	768	1366	613	
244663	580	89	580	89	0	1480064645951	26247563245782591480054926617	1366	768	1366	613	
244664	162	0	162	0	0	1480064653886	26247563245782591480054926617	1366	768	1366	613	
244665	169	24	169	24	0	1480064653933	26247563245782591480054926617	1366	768	1366	613	
244666	171	33	171	33	0	1480064653983	26247563245782591480054926617	1366	768	1366	613	
244667	167	43	167	43	0	1480064654029	26247563245782591480054926617	1366	768	1366	613	
244668	157	46	157	46	0	1480064654077	26247563245782591480054926617	1366	768	1366	613	
244669	146	43	146	43	0	1480064654125	26247563245782591480054926617	1366	768	1366	613	
244670	138	37	138	37	0	1480064654173	26247563245782591480054926617	1366	768	1366	613	
244671	158	21	158	21	0	1480064654221	26247563245782591480054926617	1366	768	1366	613	
244672	445	17	445	17	0	1480064731662	26247563245782591480054926617	1366	768	1366	613	
244673	639	204	639	204	0	1480064731708	26247563245782591480054926617	1366	768	1366	613	
244674	782	359	782	359	0	1480064731757	26247563245782591480054926617	1366	768	1366	613	
244675	808	384	808	384	0	1480064731804	26247563245782591480054926617	1366	768	1366	613	
244676	811	386	811	386	0	1480064731852	26247563245782591480054926617	1366	768	1366	613	
244677	803	385	803	385	0	1480064732781	26247563245782591480054926617	1366	768	1366	613	
244678	760	377	760	377	0	1480064732829	26247563245782591480054926617	1366	768	1366	613	
244679	739	368	739	368	0	1480064732877	26247563245782591480054926617	1366	768	1366	613	
244680	737	367	737	367	0	1480064733028	26247563245782591480054926617	1366	768	1366	613	
244681	733	366	733	366	0	1480064733084	26247563245782591480054926617	1366	768	1366	613	
244682	732	366	732	366	0	1480064733132	26247563245782591480054926617	1366	768	1366	613	
244683	732	366	732	566	0	1480064733517	26247563245782591480054926617	1366	768	1366	613	
244684	733	365	733	565	0	1480064733933	26247563245782591480054926617	1366	768	1366	613	
244685	756	354	756	554	0	1480064734525	26247563245782591480054926617	1366	768	1366	613	
244686	758	354	758	559	0	1480064734693	26247563245782591480054926617	1366	768	1366	613	
244687	758	354	758	754	0	1480064734972	26247563245782591480054926617	1366	768	1366	613	
244688	758	354	758	954	0	1480064736912	26247563245782591480054926617	1366	768	1366	613	
244689	758	354	758	1354	0	1480064737715	26247563245782591480054926617	1366	768	1366	613	
244690	758	354	758	554	0	1480064738166	26247563245782591480054926617	1366	768	1366	613	
244691	758	354	758	354	0	1480064738518	26247563245782591480054926617	1366	768	1366	613	
244692	758	351	758	351	0	1480064738717	26247563245782591480054926617	1366	768	1366	613	
244693	752	304	752	304	0	1480064738765	26247563245782591480054926617	1366	768	1366	613	
244694	749	292	749	292	0	1480064738813	26247563245782591480054926617	1366	768	1366	613	
244695	741	276	741	276	0	1480064738861	26247563245782591480054926617	1366	768	1366	613	
244696	735	271	735	271	0	1480064738917	26247563245782591480054926617	1366	768	1366	613	
244697	734	271	734	271	0	1480064738965	26247563245782591480054926617	1366	768	1366	613	
244698	690	252	690	252	0	1480064739013	26247563245782591480054926617	1366	768	1366	613	
244699	689	207	689	207	0	1480064739061	26247563245782591480054926617	1366	768	1366	613	
244700	742	140	742	140	0	1480064739109	26247563245782591480054926617	1366	768	1366	613	
244701	821	121	821	121	0	1480064739157	26247563245782591480054926617	1366	768	1366	613	
244702	884	112	884	112	0	1480064739205	26247563245782591480054926617	1366	768	1366	613	
244703	992	112	992	112	0	1480064739253	26247563245782591480054926617	1366	768	1366	613	
244704	1170	112	1170	112	0	1480064739301	26247563245782591480054926617	1366	768	1366	613	
244705	1238	109	1238	109	0	1480064739349	26247563245782591480054926617	1366	768	1366	613	
244706	1240	107	1240	107	0	1480064739413	26247563245782591480054926617	1366	768	1366	613	
244707	1244	101	1244	101	0	1480064739469	26247563245782591480054926617	1366	768	1366	613	
244708	1239	95	1239	95	0	1480064739517	26247563245782591480054926617	1366	768	1366	613	
244709	1202	84	1202	84	0	1480064739565	26247563245782591480054926617	1366	768	1366	613	
244710	1191	76	1191	76	0	1480064739613	26247563245782591480054926617	1366	768	1366	613	
244711	1189	72	1189	72	0	1480064739661	26247563245782591480054926617	1366	768	1366	613	
244712	1167	69	1167	69	0	1480064739709	26247563245782591480054926617	1366	768	1366	613	
244713	993	69	993	69	0	1480064739750	26247563245782591480054926617	1366	768	1366	613	
244714	583	69	583	69	0	1480064739797	26247563245782591480054926617	1366	768	1366	613	
244715	331	61	331	61	0	1480064739845	26247563245782591480054926617	1366	768	1366	613	
244716	112	61	112	61	0	1480064739893	26247563245782591480054926617	1366	768	1366	613	
244717	0	64	0	64	0	1480064739965	26247563245782591480054926617	1366	768	1366	613	
244718	4	62	4	62	0	1480064740085	26247563245782591480054926617	1366	768	1366	613	
244719	73	51	73	51	0	1480064740133	26247563245782591480054926617	1366	768	1366	613	
244720	109	50	109	50	0	1480064740181	26247563245782591480054926617	1366	768	1366	613	
244721	112	50	112	50	0	1480064740229	26247563245782591480054926617	1366	768	1366	613	
244722	119	50	119	50	0	1480064740277	26247563245782591480054926617	1366	768	1366	613	
244723	126	50	126	50	0	1480064740325	26247563245782591480054926617	1366	768	1366	613	
244724	126	50	126	50	1	1480064740367	26247563245782591480054926617	1366	768	1366	613	
244725	127	50	127	50	1	1480064740469	26247563245782591480054926617	1366	768	1366	613	
244726	127	50	127	50	0	1480064740475	26247563245782591480054926617	1366	768	1366	613	
244727	127	51	127	51	0	1480064740773	26247563245782591480054926617	1366	768	1366	613	
244728	127	54	127	54	0	1480064740837	26247563245782591480054926617	1366	768	1366	613	
244729	127	56	127	56	0	1480064740885	26247563245782591480054926617	1366	768	1366	613	
244730	130	67	130	67	0	1480064740933	26247563245782591480054926617	1366	768	1366	613	
244731	149	118	149	118	0	1480064740981	26247563245782591480054926617	1366	768	1366	613	
244732	174	176	174	176	0	1480064741029	26247563245782591480054926617	1366	768	1366	613	
244733	182	190	182	190	0	1480064741070	26247563245782591480054926617	1366	768	1366	613	
244734	186	205	186	205	0	1480064741117	26247563245782591480054926617	1366	768	1366	613	
244735	186	258	186	258	0	1480064741166	26247563245782591480054926617	1366	768	1366	613	
244736	186	346	186	346	0	1480064741213	26247563245782591480054926617	1366	768	1366	613	
244737	186	395	186	395	0	1480064741261	26247563245782591480054926617	1366	768	1366	613	
244738	186	449	186	449	0	1480064741309	26247563245782591480054926617	1366	768	1366	613	
244739	187	471	187	471	0	1480064741356	26247563245782591480054926617	1366	768	1366	613	
244740	189	478	189	478	0	1480064741397	26247563245782591480054926617	1366	768	1366	613	
244741	189	473	189	473	0	1480064741677	26247563245782591480054926617	1366	768	1366	613	
244742	179	457	179	457	0	1480064741725	26247563245782591480054926617	1366	768	1366	613	
244743	166	441	166	441	0	1480064741773	26247563245782591480054926617	1366	768	1366	613	
244744	158	429	158	429	0	1480064741821	26247563245782591480054926617	1366	768	1366	613	
244745	152	421	152	421	0	1480064741869	26247563245782591480054926617	1366	768	1366	613	
244746	147	415	147	415	0	1480064741916	26247563245782591480054926617	1366	768	1366	613	
244747	144	410	144	410	0	1480064741957	26247563245782591480054926617	1366	768	1366	613	
244748	143	406	143	406	0	1480064741998	26247563245782591480054926617	1366	768	1366	613	
244749	142	396	142	396	0	1480064742341	26247563245782591480054926617	1366	768	1366	613	
244750	137	388	137	388	0	1480064742389	26247563245782591480054926617	1366	768	1366	613	
244751	136	384	136	384	0	1480064742453	26247563245782591480054926617	1366	768	1366	613	
244752	135	380	135	380	0	1480064742501	26247563245782591480054926617	1366	768	1366	613	
244753	134	376	134	376	0	1480064742549	26247563245782591480054926617	1366	768	1366	613	
244754	134	374	134	374	0	1480064742597	26247563245782591480054926617	1366	768	1366	613	
244755	134	376	134	376	0	1480064742717	26247563245782591480054926617	1366	768	1366	613	
244756	132	382	132	382	0	1480064742766	26247563245782591480054926617	1366	768	1366	613	
244757	132	382	132	382	1	1480064742854	26247563245782591480054926617	1366	768	1366	613	
244758	132	382	132	382	1	1480064742960	26247563245782591480054926617	1366	768	1366	613	
244759	132	382	132	382	0	1480064742964	26247563245782591480054926617	1366	768	1366	613	
244760	133	382	133	382	0	1480064743029	26247563245782591480054926617	1366	768	1366	613	
244761	158	382	158	382	0	1480064743077	26247563245782591480054926617	1366	768	1366	613	
244762	228	381	228	381	0	1480064743118	26247563245782591480054926617	1366	768	1366	613	
244763	303	381	303	381	0	1480064743164	26247563245782591480054926617	1366	768	1366	613	
244764	319	382	319	382	0	1480064743205	26247563245782591480054926617	1366	768	1366	613	
244765	330	385	330	385	0	1480064743253	26247563245782591480054926617	1366	768	1366	613	
244766	377	385	377	385	0	1480064743301	26247563245782591480054926617	1366	768	1366	613	
244767	593	385	593	385	0	1480064743348	26247563245782591480054926617	1366	768	1366	613	
244768	799	385	799	385	0	1480064743397	26247563245782591480054926617	1366	768	1366	613	
244769	801	384	801	384	0	1480064743557	26247563245782591480054926617	1366	768	1366	613	
244770	802	385	802	385	0	1480064743813	26247563245782591480054926617	1366	768	1366	613	
244771	805	385	805	385	0	1480064744261	26247563245782591480054926617	1366	768	1366	613	
244772	874	385	874	385	0	1480064744308	26247563245782591480054926617	1366	768	1366	613	
244773	879	385	879	385	0	1480064745773	26247563245782591480054926617	1366	768	1366	613	
244774	753	367	753	367	0	1480064745821	26247563245782591480054926617	1366	768	1366	613	
244775	620	350	620	350	0	1480064745868	26247563245782591480054926617	1366	768	1366	613	
244776	578	345	578	345	0	1480064745916	26247563245782591480054926617	1366	768	1366	613	
244777	563	339	563	339	0	1480064745964	26247563245782591480054926617	1366	768	1366	613	
244778	530	333	530	333	0	1480064746012	26247563245782591480054926617	1366	768	1366	613	
244779	487	327	487	327	0	1480064746060	26247563245782591480054926617	1366	768	1366	613	
244780	430	318	430	318	0	1480064746101	26247563245782591480054926617	1366	768	1366	613	
244781	412	313	412	313	0	1480064746325	26247563245782591480054926617	1366	768	1366	613	
244782	386	310	386	310	0	1480064746373	26247563245782591480054926617	1366	768	1366	613	
244783	367	310	367	310	0	1480064746420	26247563245782591480054926617	1366	768	1366	613	
244784	357	315	357	315	0	1480064746469	26247563245782591480054926617	1366	768	1366	613	
244785	335	323	335	823	0	1480064749942	26247563245782591480054926617	1366	768	1366	613	
244786	335	323	335	823	0	1480064750782	26247563245782591480054926617	1366	768	1366	613	
244787	335	323	335	423	0	1480064751279	26247563245782591480054926617	1366	768	1366	613	
244788	336	323	336	423	0	1480064754262	26247563245782591480054926617	1366	768	1366	613	
244789	476	309	476	409	0	1480064754308	26247563245782591480054926617	1366	768	1366	613	
244790	510	309	510	409	0	1480064754364	26247563245782591480054926617	1366	768	1366	613	
244791	512	309	512	409	0	1480064754412	26247563245782591480054926617	1366	768	1366	613	
244792	523	307	523	407	0	1480064754460	26247563245782591480054926617	1366	768	1366	613	
244793	541	305	541	405	0	1480064754508	26247563245782591480054926617	1366	768	1366	613	
244794	618	306	618	406	0	1480064754556	26247563245782591480054926617	1366	768	1366	613	
244795	835	325	835	425	0	1480064754604	26247563245782591480054926617	1366	768	1366	613	
244796	1081	354	1081	454	0	1480064754652	26247563245782591480054926617	1366	768	1366	613	
244797	1142	361	1142	461	0	1480064754700	26247563245782591480054926617	1366	768	1366	613	
244798	1149	361	1149	752	0	1480064755005	26247563245782591480054926617	1366	768	1366	613	
244799	1168	354	1168	734	0	1480064755052	26247563245782591480054926617	1366	768	1366	613	
244800	1180	340	1180	663	0	1480064755093	26247563245782591480054926617	1366	768	1366	613	
244801	1187	274	1187	576	0	1480064755140	26247563245782591480054926617	1366	768	1366	613	
244802	1187	228	1187	528	0	1480064755181	26247563245782591480054926617	1366	768	1366	613	
244803	1188	222	1188	522	0	1480064755349	26247563245782591480054926617	1366	768	1366	613	
244804	1189	224	1189	524	1	1480064755431	26247563245782591480054926617	1366	768	1366	613	
244805	1180	224	1180	524	1	1480064755549	26247563245782591480054926617	1366	768	1366	613	
244806	1075	226	1075	526	1	1480064755597	26247563245782591480054926617	1366	768	1366	613	
244807	929	226	929	526	1	1480064755645	26247563245782591480054926617	1366	768	1366	613	
244808	816	227	816	527	1	1480064755694	26247563245782591480054926617	1366	768	1366	613	
244809	769	227	769	527	1	1480064755741	26247563245782591480054926617	1366	768	1366	613	
244810	768	227	768	527	1	1480064755827	26247563245782591480054926617	1366	768	1366	613	
244811	768	227	768	527	0	1480064755828	26247563245782591480054926617	1366	768	1366	613	
244812	829	219	829	519	0	1480064755869	26247563245782591480054926617	1366	768	1366	613	
244813	1015	213	1015	513	0	1480064755917	26247563245782591480054926617	1366	768	1366	613	
244814	1092	208	1092	508	0	1480064756013	26247563245782591480054926617	1366	768	1366	613	
244815	1065	215	1065	515	0	1480064756061	26247563245782591480054926617	1366	768	1366	613	
244816	948	230	948	530	0	1480064756109	26247563245782591480054926617	1366	768	1366	613	
244817	886	237	886	537	0	1480064756157	26247563245782591480054926617	1366	768	1366	613	
244818	883	240	883	540	0	1480064756349	26247563245782591480054926617	1366	768	1366	613	
244819	879	263	879	582	0	1480064756398	26247563245782591480054926617	1366	768	1366	613	
244820	879	267	879	636	0	1480064756445	26247563245782591480054926617	1366	768	1366	613	
244821	877	277	877	776	0	1480064756486	26247563245782591480054926617	1366	768	1366	613	
244822	862	349	862	940	0	1480064756533	26247563245782591480054926617	1366	768	1366	613	
244823	846	391	846	991	0	1480064756581	26247563245782591480054926617	1366	768	1366	613	
244824	845	394	845	1294	0	1480064757034	26247563245782591480054926617	1366	768	1366	613	
244825	845	394	845	1594	0	1480064782170	26247563245782591480054926617	1366	768	1366	613	
244826	845	394	845	2094	0	1480064783391	26247563245782591480054926617	1366	768	1366	613	
244827	845	394	845	2294	0	1480064784462	26247563245782591480054926617	1366	768	1366	613	
244828	845	394	845	2694	0	1480064786585	26247563245782591480054926617	1366	768	1366	613	
244829	845	394	845	2394	0	1480064787087	26247563245782591480054926617	1366	768	1366	613	
244830	845	394	845	2794	0	1480064788208	26247563245782591480054926617	1366	768	1366	613	
244831	845	394	845	2894	0	1480064789514	26247563245782591480054926617	1366	768	1366	613	
244832	844	394	844	2894	0	1480064792007	26247563245782591480054926617	1366	768	1366	613	
244833	832	386	832	2886	0	1480064792052	26247563245782591480054926617	1366	768	1366	613	
244834	827	384	827	2884	0	1480064792117	26247563245782591480054926617	1366	768	1366	613	
244835	827	382	827	2882	0	1480064792319	26247563245782591480054926617	1366	768	1366	613	
244836	827	367	827	2867	0	1480064792365	26247563245782591480054926617	1366	768	1366	613	
244837	827	361	827	2861	0	1480064792412	26247563245782591480054926617	1366	768	1366	613	
244838	825	360	825	2860	0	1480064792637	26247563245782591480054926617	1366	768	1366	613	
244839	813	362	813	2862	0	1480064792685	26247563245782591480054926617	1366	768	1366	613	
244840	806	362	806	2862	0	1480064792732	26247563245782591480054926617	1366	768	1366	613	
244841	803	361	803	3061	0	1480064798444	26247563245782591480054926617	1366	768	1366	613	
244842	803	361	803	3161	0	1480064806270	26247563245782591480054926617	1366	768	1366	613	
244843	803	361	803	2961	0	1480064808195	26247563245782591480054926617	1366	768	1366	613	
244844	803	361	803	3561	0	1480064808732	26247563245782591480054926617	1366	768	1366	613	
244845	803	361	803	3861	0	1480064809367	26247563245782591480054926617	1366	768	1366	613	
244846	803	361	803	3961	0	1480064810805	26247563245782591480054926617	1366	768	1366	613	
244847	803	361	803	4361	0	1480064815237	26247563245782591480054926617	1366	768	1366	613	
244848	803	361	803	4861	0	1480064816005	26247563245782591480054926617	1366	768	1366	613	
244849	802	361	802	4861	0	1480064816204	26247563245782591480054926617	1366	768	1366	613	
244850	514	222	514	4722	0	1480064816252	26247563245782591480054926617	1366	768	1366	613	
244851	37	61	37	4561	0	1480064816300	26247563245782591480054926617	1366	768	1366	613	
244852	0	35	0	4535	0	1480064816348	26247563245782591480054926617	1366	768	1366	613	
244853	28	0	28	4500	0	1480064817277	26247563245782591480054926617	1366	768	1366	613	
244854	31	13	31	4514	0	1480064817324	26247563245782591480054926617	1366	768	1366	613	
244855	35	25	35	4544	0	1480064817372	26247563245782591480054926617	1366	768	1366	613	
244856	37	29	37	4684	0	1480064817421	26247563245782591480054926617	1366	768	1366	613	
244857	38	30	38	5030	0	1480064817661	26247563245782591480054926617	1366	768	1366	613	
244858	38	30	38	5530	0	1480064818714	26247563245782591480054926617	1366	768	1366	613	
244859	38	29	38	5529	0	1480064820492	26247563245782591480054926617	1366	768	1366	613	
244860	37	27	37	5527	0	1480064820876	26247563245782591480054926617	1366	768	1366	613	
244861	31	30	31	5530	0	1480064821105	26247563245782591480054926617	1366	768	1366	613	
244862	30	30	30	5530	0	1480064821292	26247563245782591480054926617	1366	768	1366	613	
244863	31	28	31	5728	0	1480064821792	26247563245782591480054926617	1366	768	1366	613	
244864	30	28	30	5728	0	1480064822052	26247563245782591480054926617	1366	768	1366	613	
244865	29	29	29	5748	0	1480064822100	26247563245782591480054926617	1366	768	1366	613	
244866	28	29	28	5972	0	1480064822196	26247563245782591480054926617	1366	768	1366	613	
244867	25	32	25	6082	0	1480064822245	26247563245782591480054926617	1366	768	1366	613	
244868	24	34	24	6120	0	1480064822292	26247563245782591480054926617	1366	768	1366	613	
244869	24	34	24	6134	0	1480064822427	26247563245782591480054926617	1366	768	1366	613	
244870	25	33	25	6133	0	1480064822997	26247563245782591480054926617	1366	768	1366	613	
244871	167	31	167	6131	0	1480064825741	26247563245782591480054926617	1366	768	1366	613	
244872	182	91	182	6191	0	1480064825788	26247563245782591480054926617	1366	768	1366	613	
244873	197	105	197	6205	0	1480064825836	26247563245782591480054926617	1366	768	1366	613	
244874	230	122	230	6222	0	1480064825884	26247563245782591480054926617	1366	768	1366	613	
244875	253	135	253	6235	0	1480064825932	26247563245782591480054926617	1366	768	1366	613	
244876	262	142	262	6242	0	1480064825980	26247563245782591480054926617	1366	768	1366	613	
244877	262	143	262	6243	0	1480064826173	26247563245782591480054926617	1366	768	1366	613	
244878	261	140	261	6240	0	1480064826228	26247563245782591480054926617	1366	768	1366	613	
244879	258	137	258	6237	0	1480064826477	26247563245782591480054926617	1366	768	1366	613	
244882	363	29	363	29	0	1480064857407	26247563245782591480054926617	1366	768	1366	613	
244883	78	401	78	401	0	1480064857452	26247563245782591480054926617	1366	768	1366	613	
244884	8	598	8	598	0	1480064857644	26247563245782591480054926617	1366	768	1366	613	
244885	30	541	30	541	0	1480064857685	26247563245782591480054926617	1366	768	1366	613	
244886	37	536	37	536	0	1480064857771	26247563245782591480054926617	1366	768	1366	613	
244887	42	539	42	539	0	1480064857844	26247563245782591480054926617	1366	768	1366	613	
244888	45	605	45	605	0	1480064857891	26247563245782591480054926617	1366	768	1366	613	
244889	51	612	51	612	0	1480064857939	26247563245782591480054926617	1366	768	1366	613	
244890	57	612	57	612	0	1480064857987	26247563245782591480054926617	1366	768	1366	613	
244891	147	599	147	599	0	1480064858035	26247563245782591480054926617	1366	768	1366	613	
244892	329	597	329	597	0	1480064858077	26247563245782591480054926617	1366	768	1366	613	
244893	591	600	591	600	0	1480064858123	26247563245782591480054926617	1366	768	1366	613	
244894	706	608	706	608	0	1480064858171	26247563245782591480054926617	1366	768	1366	613	
244895	710	610	710	610	0	1480064858308	26247563245782591480054926617	1366	768	1366	613	
245164	882	590	882	590	0	1480064965716	26247563245782591480054926617	1366	768	1366	613	
245165	1334	203	1334	203	0	1480065002897	26247563245782591480054926617	1366	768	1366	613	
245166	1330	205	1330	205	0	1480065003035	26247563245782591480054926617	1366	768	1366	613	
245167	1316	219	1316	219	0	1480065003083	26247563245782591480054926617	1366	768	1366	613	
245573	263	611	263	611	0	1480065701176	26247563245782591480054926617	1366	768	1366	613	
245574	264	483	264	483	0	1480065701224	26247563245782591480054926617	1366	768	1366	613	
245575	269	291	269	291	0	1480065701273	26247563245782591480054926617	1366	768	1366	613	
245576	279	278	279	278	0	1480065701471	26247563245782591480054926617	1366	768	1366	613	
245577	275	13	275	13	0	1480065701519	26247563245782591480054926617	1366	768	1366	613	